strain	latitude	longitude	isolation_date
BRC20113	24.124167	121.283056	5/9/14
DR1344	44.85	0.48	NA
RW7000	44.85	0.48	NA
JU1563	48.7006	2.1804	9/9/08
CB3198	34.13712	-118.12532	1/1/73
DR1350	34.13712	-118.12532	1/1/73
ECA245	34.171	-118.131	5/1/74
CB3196	NA	NA	5/1/74
CB3197	NA	NA	5/1/74
ECA260	21.33	-157.86	8/1/72
CB3199	34.13712	-118.12532	1/1/73
DR1345	34.096	-117.719	11/1/72
ECA249	34.096	-117.719	11/1/72
AB2	-34.93	138.59	1/1/83
AB3	-34.93	138.59	1/1/83
AB4	-34.93	138.59	1/1/83
CX11258	34.13531	-118.30582	9/1/03
CX11278	34.13531	-118.30582	9/1/03
CX11305	34.13531	-118.30582	9/1/03
CX11317	34.13531	-118.30582	9/1/03
ECA247	37.43	-122.13	1/1/82
JU1960	34.18973	-118.131319	11/30/08
CX11294	34.12946	-118.10987	9/1/03
CX11319	34.13712	-118.12532	9/1/03
CX11316	34.20111	-118.21198	9/1/03
CX11321	34.14331	-118.05496	9/1/03
CX11259	34.13531	-118.30582	2/1/04
CX11268	34.130138	-118.114835	9/1/03
ECA190	19.423889	-155.2225	7/9/14
ECA192	19.424444	-155.221944	7/9/14
ECA193	19.424444	-155.221944	7/9/14
ECA393	19.449831	-155.235493	5/17/16
ECA395	19.449831	-155.235493	5/17/16
ECA339	44.8358	0.4948	1/1/49
ECA350	32.765353	-117.235442	2/9/16
ECA394	19.449831	-155.235493	5/17/16
ECA397	19.449831	-155.235493	5/17/16
ECA398	19.449831	-155.235493	5/17/16
ECA399	19.449831	-155.235493	5/17/16
ECA702	22.123283	-159.656428	8/11/17
ECA822	20.038831	-155.438922	8/13/17
ECA711	19.423864	-155.222478	8/14/17
ECA713	19.423864	-155.222478	8/14/17
ECA714	19.423864	-155.222478	8/14/17
ECA715	19.423864	-155.222478	8/14/17
ECA728	19.424272	-155.221661	8/14/17
ECA729	19.424272	-155.221661	8/14/17
ECA725	19.439144	-155.303825	8/14/17
ECA726	19.439144	-155.303825	8/14/17
ECA727	19.439144	-155.303825	8/14/17
ECA731	19.115886	-155.818386	8/15/17
ECA734	21.13927631	-156.9740559	8/12/17
ECA735	21.13927631	-156.9740559	8/12/17
ECA736	21.13927631	-156.9740559	8/12/17
ECA737	21.13927631	-156.9740559	8/12/17
ECA747	19.700464	-155.955839	8/15/17
ECA739	20.039869	-155.441619	8/17/17
ECA749	20.039875	-155.441608	8/17/17
ECA752	20.039847	-155.441492	8/17/17
ECA753	20.039847	-155.441492	8/17/17
ECA754	20.039869	-155.441464	8/17/17
ECA758	20.039886	-155.441531	8/17/17
ECA769	20.039869	-155.441619	8/17/17
ECA779	20.039858	-155.441608	8/17/17
ECA780	20.039858	-155.441608	8/17/17
ECA784	20.039783	-155.441481	8/17/17
ECA785	20.039783	-155.441481	8/17/17
ECA808	20.039858	-155.441608	8/17/17
ECA772	20.039908	-155.441503	8/17/17
ECA707	20.039783	-155.441517	8/13/17
ECA708	20.039783	-155.441517	8/13/17
ECA709	20.039783	-155.441517	8/13/17
ECA721	20.039858	-155.441419	8/13/17
ECA756	20.039822	-155.441533	8/17/17
ECA757	20.039822	-155.441533	8/17/17
ECA763	20.039878	-155.441608	8/17/17
ECA764	20.039878	-155.441608	8/17/17
ECA765	20.039878	-155.441608	8/17/17
ECA766	20.039878	-155.441608	8/17/17
ECA767	20.039878	-155.441608	8/17/17
ECA781	20.039858	-155.441608	8/17/17
ECA810	20.039897	-155.441531	8/17/17
ECA811	20.039897	-155.441531	8/17/17
ECA716	20.039844	-155.441408	8/13/17
ECA717	20.039844	-155.441408	8/13/17
ECA718	20.039844	-155.441408	8/13/17
ECA720	20.039858	-155.441419	8/13/17
ECA770	20.039869	-155.441531	8/17/17
ECA704	20.039783	-155.441517	8/13/17
ECA719	20.039858	-155.441419	8/13/17
ECA748	20.039847	-155.441492	8/17/17
ECA750	20.039847	-155.441492	8/17/17
ECA751	20.039847	-155.441492	8/17/17
ECA755	20.039869	-155.441464	8/17/17
ECA759	20.039886	-155.441531	8/17/17
ECA761	20.039847	-155.441492	8/17/17
ECA762	20.039822	-155.441533	8/17/17
ECA771	20.039864	-155.441644	8/17/17
ECA773	20.039864	-155.441644	8/17/17
ECA774	20.039869	-155.441531	8/17/17
ECA775	20.039869	-155.441531	8/17/17
ECA776	20.039869	-155.441531	8/17/17
ECA782	20.039875	-155.441608	8/17/17
ECA783	20.039783	-155.441481	8/17/17
ECA786	20.039875	-155.441608	8/17/17
ECA787	20.039783	-155.441481	8/17/17
ECA809	20.039783	-155.441481	8/17/17
ECA813	20.039917	-155.441542	8/17/17
ED3021	55.92	-3.19	12/3/04
ED3010	55.92	-3.19	11/26/04
ED3014	55.92	-3.19	12/3/04
ED3015	55.92	-3.19	12/3/04
ED3023	55.92	-3.19	12/3/04
ED3024	55.92	-3.19	12/3/04
ED3028	55.92	-3.19	12/3/04
ED3019	55.92	-3.19	12/3/04
ED3020	55.92	-3.19	12/3/04
ED3042	-33.366667	19.316667	5/5/06
ED3043	-33.366667	19.316667	4/2/06
ECA571	-1.05	36.39	5/17/06
ECA572	-1.05	36.39	5/17/06
ED3057	-1.083333	36.65	5/17/06
ED3072	-1.083333	36.65	5/17/06
ED3075	-1.083333	36.65	5/17/06
EG4346	44.04789	-123.07108	10/9/06
EG4348	40.77167	-111.87316	10/2/06
EG4680	40.7073	-111.8675	10/4/07
EG4689	40.7073	-111.8675	10/4/07
EG4945	40.72596	-111.82184	9/27/07
EG4948	40.72596	-111.82184	9/27/07
EG4951	40.72596	-111.82184	10/9/07
EG4957	40.72596	-111.82184	10/9/07
JT11362	47.763944	-122.275484	5/1/03
JT11399	47.763944	-122.275484	12/1/03
JU2860	52.19842	0.115365	6/6/15
JU1207	48.71	-3.81	9/24/07
JU1214	48.71	-3.81	9/24/07
JU1482	48.705	-3.7952	8/2/08
JU1656	48.725018	-3.972104	7/14/09
JU1762	48.695548	-3.790033	8/16/09
JU1770	48.695548	-3.790033	8/16/09
JU531	48.71	-3.81	10/3/04
JU533	48.71	-3.81	10/3/04
JU1218	49.1269	1.9595	10/14/07
JU1230	49.1269	1.9595	10/14/07
JU1243	49.1269	1.9595	10/14/07
ECA589	47.2199	0.04619	3/1/08
JU1401	37.4721	-5.6331	3/31/08
JU1410	37.468	-5.637	3/31/08
JU1411	37.468	-5.637	3/31/08
JU3133	48.7015	2.1725	11/8/11
JU1484	46.63	1.06	8/17/08
ECA616	48.7015	2.1725	9/9/08
JU1566	48.8092	2.3862	10/5/08
ECA615	48.7015	2.1725	9/8/08
JU1511	48.7015	2.1725	9/9/08
JU1516	48.7015	2.1725	9/9/08
JU1522	48.7015	2.1725	9/9/08
JU1582	48.7015	2.1725	10/23/08
JU1807	48.662134	2.2131	10/23/08
JU3139	48.71	-3.81	8/9/09
JU1920	49.12604	1.95114	10/25/09
JU1922	49.12604	1.95114	10/25/09
JU1929	49.12604	1.95114	10/25/09
JU2139	46.63278	1.064289	10/23/11
JU2604	49.16477	1.86175	11/20/13
JU2605	49.166	1.86	11/20/13
JU3271	49.11	1.93	NA
JU2287	46.6	1.1	8/15/13
JU2467	-13.155	-72.525	1/1/13
JU2468	-13.155	-72.525	1/1/13
JU1924	49.12604	1.95114	10/25/09
JU2151	49.121	1.951	10/31/11
JU3138	49.1269	1.9595	11/7/11
JU2802	48.9067	2.14167	9/14/14
JU2828	46.632	1.064	10/3/10
JU2830	46.632	1.064	10/3/10
JU2908	43.8063	11.2839	12/13/15
JU1026	46.63	1.06	10/15/06
JU1037	46.63	1.06	10/15/06
JU1039	46.63	1.06	10/15/06
JU1040	46.63	1.06	10/15/06
JU1204	46.63	1.06	9/11/07
JU1206	46.63	1.06	9/11/07
JU262	46.63	1.06	11/3/01
JU263	46.63	1.06	11/3/01
JU299	46.63	1.06	8/25/02
JU300	46.63	1.06	8/25/02
JU301	46.63	1.06	8/25/02
JU302	46.63	1.06	8/25/02
JU303	46.63	1.06	8/25/02
JU305	46.63	1.06	8/25/02
JU306	46.63	1.06	8/25/02
JU307	46.63	1.06	8/25/02
JU309	46.63	1.06	8/25/02
JU438	49.28	-0.32	6/1/03
ECA551	44.42	4.4	9/8/02
JU312	44.42	4.4	9/8/02
JU313	44.42	4.4	9/8/02
JU314	44.42	4.4	9/8/02
JU315	44.2	4.4	9/8/02
JU316	44.42	4.4	9/8/02
JU317	44.42	4.4	9/8/02
JU318	44.42	4.4	9/8/02
JU319	44.42	4.4	9/8/02
JU321	44.42	4.4	9/8/02
MY2481	54.346355	10.117737	11/21/12
JU3131	48.7015	2.1725	10/23/08
JU322	44.42	4.4	9/8/02
JU342	44.42	4.4	9/8/02
JU347	44.42	4.4	9/8/02
JU345	44.42	4.4	9/8/02
JU362	48.98	2.23	9/16/02
JU363	48.98	2.23	9/16/02
JU364	48.98	2.23	9/16/02
JU366	48.98	2.23	9/16/02
JU368	48.98	2.23	9/16/02
JU369	48.98	2.23	9/16/02
JU370	48.98	2.23	9/16/02
JU801	48.98	2.23	7/19/05
JU361	48.98	2.23	9/16/02
JU371	48.98	2.23	9/16/02
JU692	48.98	2.23	4/6/05
JU693	48.98	2.23	4/6/05
JU694	48.98	2.23	4/6/05
JU399	49.28	-0.32	9/1/02
JU400	49.28	-0.32	9/1/02
JU398	49.28	-0.32	9/1/02
JU401	49.28	-0.32	9/1/02
JU402	49.28	-0.32	9/1/02
JU407	49.28	-0.32	12/30/02
JU563	48.7069	-3.8037	10/3/04
JU799	38.7175	-9.1486	7/10/05
JU2460	48.6934	-3.9251	12/28/12
JU2527	47.8797	-3.5999	8/19/13
JU3142	48.71	-3.81	8/9/09
JU395	49.28	-0.32	9/1/02
JU396	49.28	-0.32	9/1/02
JU622	43.06	0.24	10/16/04
JU829	48.52	9.05	9/28/05
JU848	48.46	7.461	10/3/05
MY11	51.96	7.53	7/1/02
MY12	51.96	7.53	7/1/02
MY13	51.96	7.53	7/1/02
MY17	51.96	7.53	7/1/02
MY19	51.96	7.53	7/1/02
MY20	51.96	7.53	7/1/02
MY21	51.96	7.53	7/1/02
MY22	51.96	7.53	7/1/02
MY3	51.96	7.53	7/1/02
MY4	51.96	7.53	7/1/02
MY5	51.96	7.53	7/1/02
MY7	51.96	7.53	7/1/02
MY8	51.96	7.53	7/1/02
MY9	51.96	7.53	7/1/02
MY6	51.96	7.53	7/1/02
MY2143	54.346355	10.117737	9/17/12
ECA552	43.8658	5.0628	11/17/13
MY2239	54.346355	10.117737	9/26/12
MY804	51.950723000000004	7.599099	11/2/11
NIC1604	38.596	-0.0859	5/1/17
BRC20231	23.541517	120.908112	6/15/14
JU1171	-36.82	-72.99	4/1/07
MY14	51.96	7.53	7/1/02
MY15	51.93	7.57	7/1/02
MY2	51.96	7.53	7/1/02
JU3136	48.7015	2.1725	11/13/13
MY2001	51.950777	7.536628	6/20/12
MY2004	51.950777	7.536628	6/20/12
MY2011	51.950777	7.536628	7/4/12
MY2014	51.950777	7.536628	7/4/12
MY2050	51.950777	7.536628	7/18/12
MY2051	51.950777	7.536628	7/18/12
MY2054	51.950777	7.536628	7/18/12
MY2121	51.950777	7.536628	8/15/12
MY2137	51.950777	7.536628	9/17/12
MY2199	51.950777	7.536628	9/26/12
MY2288	51.950777	7.536628	10/10/12
MY2339	51.950777	7.536628	10/24/12
MY2502	51.950777	7.536628	11/21/12
MY2541	51.950777	7.536628	12/5/12
MY2579	51.950777	7.536628	12/10/12
MY2622	54.3491	10.11505	8/9/13
MY508	51.950777	7.536628	7/8/11
MY524	51.950777	7.536628	11/28/11
MY561	51.950777	7.536628	9/8/11
MY564	51.950777	7.536628	9/8/11
MY570	51.950777	7.536628	9/8/11
MY713	51.950777	7.536628	10/12/11
MY792	51.950777	7.536628	10/24/11
MY819	51.950777	7.536628	11/2/11
MY864	51.950723000000004	7.599099	11/14/11
MY904	51.950777	7.536628	12/8/11
MY965	51.950777	7.536628	5/9/12
MY2344	51.950723000000004	7.599099	10/24/12
MY2532	54.346355	10.117737	12/5/12
MY881	51.950723000000004	7.599099	12/1/11
NIC508	40.86183	14.261756	11/14/13
NIC512	40.8625	14.2623855	11/14/13
MY2142	51.950723000000004	7.599099	9/17/12
MY2144	51.950723000000004	7.599099	9/17/12
MY2198	51.950723000000004	7.599099	9/26/12
MY2208	54.346355	10.117737	9/26/12
MY2224	54.346355	10.117737	9/26/12
MY2282	51.950723000000004	7.599099	10/10/12
MY2294	51.950723000000004	7.599099	10/10/12
MY2338	51.950723000000004	7.599099	10/24/12
MY2434	51.950723000000004	7.599099	11/7/12
MY2443	51.950723000000004	7.599099	11/7/12
MY2491	51.950723000000004	7.599099	11/21/12
MY559	51.950723000000004	7.599099	9/9/11
MY579	51.950723000000004	7.599099	9/9/11
MY710	51.950723000000004	7.599099	10/12/11
MY934	51.950723000000004	7.599099	1/25/12
MY2623	54.3491	10.11505	8/9/13
MY2685	54.3491	10.11505	8/19/13
MY2719	54.3491	10.11505	9/5/13
MY2635	54.3491	10.11505	8/23/13
MY2679	54.3491	10.11505	9/4/13
MY2689	54.3491	10.11505	8/21/13
MY803	54.346355	10.117737	11/3/11
MY2109	54.346355	10.117737	8/15/12
MY2692	54.3491	10.11505	8/16/13
MY991	54.346355	10.117737	6/20/12
MY673	54.346355	10.117737	9/27/11
MY2099	54.346355	10.117737	8/15/12
MY538	54.346355	10.117737	8/25/11
MY2042	54.346355	10.117737	7/18/12
MY2097	54.346355	10.117737	8/15/12
MY2138	54.346355	10.117737	9/17/12
MY2347	54.346355	10.117737	10/24/12
MY2373	54.346355	10.117737	10/24/12
MY2406	54.346355	10.117737	10/24/12
MY2479	54.346355	10.117737	11/21/12
MY2688	54.3491	10.11505	8/21/13
MY589	54.346355	10.117737	8/25/11
MY741	54.346355	10.117737	10/10/11
MY887	54.346355	10.117737	12/8/11
MY990	54.346355	10.117737	5/23/12
CB3191	NA	NA	6/1/73
CB3192	NA	NA	6/1/73
CB3193	NA	NA	6/1/73
CB3194	NA	NA	6/1/73
CB3195	NA	NA	11/1/73
CB4507	NA	NA	NA
ECA244	44.85	0.48	NA
ECA253	51.45	-2.59	1/1/51
ECA254	51.45	-2.59	1/1/51
ECA255	51.45	-2.59	1/1/51
ECA257	51.45	-2.59	1/1/51
PX176	NA	NA	NA
TR388	NA	NA	NA
TR389	NA	NA	NA
NIC196	38.4716405	-28.20149	8/23/11
NIC197	38.39682	-28.25165	8/23/11
NIC198	39.4364016	-31.23849	8/29/11
NIC200	37.74942	-25.66489	5/9/11
NIC232	43.720505	7.24045	11/14/11
NIC237	39.242006	-9.313417	11/26/11
NIC263	38.71829	-9.14875	12/2/12
NIC270	38.69237	-9.31592	12/7/12
NIC273	39.769459	-8.756356	12/9/12
NIC4	43.3636	5.3215	9/28/08
NIC521	36.535679	-6.304441	4/1/14
ECA258	NA	NA	11/28/98
PX178	44.035	-123.058	9/1/01
QG537	37.7679	-122.4415	12/30/10
QG538	37.7679	-122.4415	12/30/10
QG558	34.421629	-119.702021	6/27/11
QX1215	37.7502	-122.4331	11/26/07
QX1216	37.7502	-122.4331	11/26/07
QX1213	37.7502	-122.4331	11/26/07
QX1214	37.7502	-122.4331	11/26/07
QX1218	37.8804	-122.2838	11/24/07
MY2022	54.346355	10.117737	7/4/12
MY2024	54.346355	10.117737	7/4/12
MY2078	54.346355	10.117737	8/1/12
MY2291	54.346355	10.117737	10/10/12
MY2630	54.3491	10.11505	8/9/13
MY2636	54.3491	10.11505	8/23/13
MY2640	54.3491	10.11505	8/23/13
MY2681	54.3491	10.11505	9/4/13
MY2684	54.3491	10.11505	8/19/13
MY2691	54.3491	10.11505	7/31/13
MY684	54.346355	10.117737	9/27/11
MY882	54.346355	10.117737	12/1/11
PX174	NA	NA	NA
WN2010	51.954422	6.303406	6/26/08
WN2011	51.954422	6.303406	6/26/08
WN2013	51.954422	6.303406	6/26/08
WN2014	51.954422	6.303406	6/26/08
WN2016	51.954422	6.303406	6/26/08
WN2017	51.954422	6.303406	6/26/08
WN2018	51.954422	6.303406	6/26/08
WN2019	51.954422	6.303406	6/26/08
WN2020	51.954422	6.303406	6/26/08
WN2021	51.954422	6.303406	6/26/08
WN2003	51.975285	5.694834	11/20/07
WN2035	51.975	5.694	11/5/14
WN2039	51.975	5.694	11/5/14
WN2056	51.975	5.717	11/11/14
WN2062	51.975196	5.718727	10/11/16
AB1	-34.93	138.59	1/1/83
BRC20067	24.072954	121.169736	1/13/12
BRC20263	-33.86748611	151.2069889	8/4/14
ECA243	44.85	0.48	NA
CB4852	NA	NA	NA
ECA246	34.189	-118.131	5/1/74
CB4854	34.189	-118.131	12/1/73
ECA248	37.44	-122.14	1/1/82
CB4856	21.33	-157.86	8/1/72
ECA250	34.096	-117.719	11/1/72
ECA251	34.1	-118.1	6/1/73
CB4932	51.02	-3.1	1/1/91
CX11254	34.130138	-118.114835	9/1/03
CX11262	34.130138	-118.114835	9/1/03
CX11264	34.130138	-118.114835	9/1/03
CX11271	34.13712	-118.12532	9/1/03
CX11276	34.20111	-118.21198	9/1/03
CX11285	34.14331	-118.05496	9/1/03
CX11292	34.13531	-118.30582	2/1/04
CX11307	34.12946	-118.10987	9/3/13
CX11314	34.12946	-118.10987	9/1/03
CX11315	34.12946	-118.10987	9/3/13
DL200	9.03	38.74	12/1/07
DL226	44.5633	-123.2821	1/1/08
DL238	19.11	-155.81	7/15/08
ECA189	19.423889	-155.2225	7/9/14
ECA191	19.424167	-155.221944	7/9/14
ECA252	34.1	-118.1	6/1/73
ECA347	19.438889	-155.303611	2/7/16
ECA348	37.775334	-122.253889	12/30/15
ECA349	32.765758	-117.236741	2/9/16
ECA36	-36.893333	174.745529	7/27/13
ECA363	20.723611	-156.304444	2/19/16
ECA369	21.175556	-157.006389	2/20/16
ECA372	22.121667	-159.664444	2/27/16
ECA396	19.449831	-155.235493	5/17/16
ECA701	22.123283	-159.656428	8/11/17
ECA703	20.038831	-155.438922	8/13/17
ECA705	20.038831	-155.438922	8/13/17
ECA706	20.038831	-155.438922	8/13/17
ECA710	20.039656	-155.438103	8/13/17
ECA712	19.423864	-155.222478	8/14/17
ECA722	19.423975	-155.222625	8/14/17
ECA723	19.424272	-155.221661	8/14/17
ECA724	19.439144	-155.303825	8/14/17
ECA730	19.423869	-155.222483	8/14/17
ECA732	19.115403	-155.81845	8/15/17
ECA733	19.115886	-155.818386	8/15/17
ECA738	21.13927631	-156.9740559	8/12/17
ECA740	20.670022	-156.339189	8/14/17
ECA741	20.6762	-156.338322	8/14/17
ECA742	20.80569	-156.2781	8/16/17
ECA743	20.741871	-156.32317	8/16/17
ECA744	19.719231	-155.949572	8/15/17
ECA745	19.700464	-155.955839	8/15/17
ECA746	19.115292	-155.819336	8/15/17
ECA760	20.039869	-155.441619	8/17/17
ECA768	20.039914	-155.441556	8/17/17
ECA777	20.039908	-155.441503	8/17/17
ECA778	20.039908	-155.441503	8/17/17
ECA807	20.039869	-155.441531	8/17/17
ECA812	20.039917	-155.441542	8/17/17
ED3005	55.94	-3.36	10/25/04
ED3011	55.92	-3.19	11/11/04
ED3012	55.92	-3.19	11/26/04
ED3017	55.92	-3.19	12/3/04
ED3040	-26.166667	28.016667	5/5/06
ED3046	-33.366667	19.316667	5/5/06
ED3048	-33.366667	19.316667	4/2/06
ED3049	-33.366667	19.316667	4/2/06
ED3052	-33.366667	19.316667	5/5/06
ED3073	-1.083333	36.65	5/17/06
ED3077	-1.316667	36.8	5/17/06
EG4347	44.04789	-123.07108	10/9/06
EG4349	40.771467	-111.87316	10/2/06
EG4724	41.6288	-8.3476	3/28/07
EG4725	41.6288	-8.3476	3/28/07
EG4946	40.72596	-111.82184	9/27/07
GXW1	30.542889	114.419828	11/5/10
JT11398	47.763944	-122.275484	12/1/03
JU1088	34.7613	138.0149	3/14/07
JU1172	-36.87	-73.04	4/1/07
JU1200	55.577	-4.6	8/1/07
JU1212	48.71	-3.81	9/24/07
JU1213	48.71	-3.81	9/24/07
JU1242	49.1269	1.9595	10/14/07
JU1246	49.12618	1.96152	10/14/07
JU1249	49.126	1.951	10/14/07
JU1395	47.2199	0.04619	3/1/08
JU1400	37.3845	-5.988	3/29/08
JU1409	37.468	-5.637	3/31/08
JU1440	41.41307	2.15231	6/9/08
JU1491	46.63	1.06	8/17/08
JU1530	48.7015	2.1725	9/9/08
JU1543	48.7015	2.1725	9/8/08
JU1568	48.8092	2.3862	10/5/08
JU1580	48.7015	2.1725	10/6/08
JU1581	48.7015	2.1725	10/23/08
JU1586	46.63	1.06	11/3/08
JU1652	-34.86	-56.19	1/1/09
JU1666	48.725018	-3.972104	7/14/09
JU1792	46.63278	1.064289	9/27/09
JU1793	49.12604	1.95114	10/10/09
JU1808	48.81257	2.395372	10/14/09
JU1896	37.999722	23.749673	1/2/10
JU1934	49.12604	1.95114	10/25/09
JU2001	-21.1	55.5	9/1/10
JU2007	50.7608	-1.32413	10/16/10
JU2016	37.757593	-122.463177	11/1/10
JU2017	37.757593	-122.463177	11/1/10
JU2106	43.606266	0.239824	7/10/11
JU2131	48.0497	-4.705	8/9/11
JU2141	46.6293	1.0512	10/23/11
JU2234	47.227	-1.583	11/11/12
JU2250	48.285278	-1.891389	11/15/12
JU2257	46.6	1.1	8/15/13
JU2316	38.7175	-9.1486	8/25/13
JU2464	-13.155	-72.525	1/1/13
JU2466	-13.257	-72.266	1/1/13
JU2478	50.85	4.351	2/1/13
JU2513	38.26016	22.0736	5/7/13
JU2519	38.7175	-9.1486	8/25/13
JU2522	38.7175	-9.1486	8/25/13
JU2526	38.7175	-9.1486	8/25/13
JU2534	49.357921	0.097087	6/9/13
JU2565	44.958394	1.066213	10/5/13
JU2566	48.83886	2.44599	10/2/13
JU2570	46.2657	-0.2685	11/13/13
JU2572	48.81257	2.395372	10/1/13
JU2575	49.0857	3.0707	10/26/13
JU2576	49.0861	3.072	10/26/13
JU2578	48.87613	2.4315	10/27/13
JU258	32.73	-16.89	10/1/01
JU2581	46.6	1.1	11/3/13
JU2586	48.897	2.159	11/11/13
JU2587	45.026713	3.872016	11/10/13
JU2592	48.628558	-2.403836	11/11/13
JU2593	48.822556	2.222334	1/1/13
JU2600	49.1242	1.9496	11/20/13
JU2610	49.1075	1.7915	11/20/13
JU2619	32.998352	-117.275428	1/1/14
JU2800	48.79	2.331	9/1/14
JU2811	-33.8632	151.219453	9/24/14
JU2825	48.8092	2.3862	11/14/14
JU2829	46.632	1.064	10/3/10
JU2838	20.205961	-97.98832	1/1/15
JU2841	-40	176	3/1/15
JU2853	41.19	-7.545	5/1/15
JU2862	52.1944	0.1264	6/6/15
JU2866	34.0751	-118.4409	6/28/15
JU2878	19.29732	-99.098769	7/2/15
JU2879	19.29732	-99.098769	7/2/15
JU2906	43.8023	11.2806	12/13/15
JU2907	43.8021	11.2906	12/13/15
JU310	46.63	1.06	8/25/02
JU311	44.42	4.4	9/8/02
JU3125	38.1127	13.3722	4/20/16
JU3127	38.11196	13.37274	4/20/16
JU3128	37.076	15.2763	4/23/16
JU3132	48.7015	2.1725	10/10/11
JU3134	48.7015	2.1725	11/11/11
JU3135	48.7015	2.1725	10/29/13
JU3137	48.7015	2.1725	10/20/14
JU3140	48.71	-3.81	8/9/09
JU3144	6.18	10.52	5/1/16
JU323	44.42	4.4	9/8/02
JU346	44.42	4.4	9/8/02
JU360	48.98	2.23	9/16/02
JU367	48.98	2.23	9/16/02
JU393	49.28	-0.32	9/1/02
JU394	49.28	-0.32	9/1/02
JU397	49.28	-0.32	9/1/02
JU406	49.28	-0.32	12/30/02
JU440	48.715	1.56	9/12/03
JU561	48.71	-3.81	10/3/04
JU642	48.84	2.5	12/14/04
JU751	48.84	2.5	6/8/05
JU774	38.683	-9.34	7/10/05
JU775	38.7175	-9.1486	7/10/05
JU778	38.719	-9.1491	7/10/05
JU782	38.7191	-9.1503	7/10/05
JU792	43.06	0.24	8/31/05
JU830	48.52	9.05	9/28/05
JU847	48.46	7.461	10/3/05
KR314	49.28	-123.13	5/1/84
LKC34	-18	46	6/17/05
LSJ1	51.45	-2.59	1/1/51
MY1	52.54	7.31	7/1/02
MY10	51.96	7.53	7/1/02
MY16	51.93	7.57	7/1/02
MY18	51.96	7.53	7/1/02
MY2147	54.346355	10.117737	9/17/12
MY2212	54.346355	10.117737	9/26/12
MY23	51.96	7.53	7/1/02
MY2453	51.950777	7.536628	11/7/12
MY2530	54.346355	10.117737	12/5/12
MY2535	51.950723000000004	7.599099	12/5/12
MY2573	51.950723000000004	7.599099	12/10/12
MY2585	54.346355	10.117737	12/10/12
MY2693	54.3491	10.11505	8/15/13
MY2713	54.3491	10.11505	9/3/13
MY2741	54.3491	10.11505	9/1/14
MY518	51.964154	7.611719	7/8/11
MY679	54.346355	10.117737	9/27/11
MY772	54.346355	10.117737	9/27/11
MY795	54.346355	10.117737	10/26/11
MY920	54.346355	10.117737	1/18/12
N2	51.45	-2.59	1/1/51
NIC1	43.279	5.3543	9/14/08
NIC1049	43.593561	1.45032	10/14/14
NIC1107	43.716278	7.266935	11/25/14
NIC166	46.72722	6.89775	7/27/07
NIC195	38.545874	-28.37322	8/22/11
NIC199	37.745428	-25.19929	3/9/11
NIC2	43.279	5.3543	9/14/08
NIC207	43.720505	7.24045	9/21/11
NIC231	43.720505	7.24045	11/14/11
NIC236	39.242006	-9.313417	11/26/11
NIC242	38.691765	-9.31609	8/17/08
NIC251	38.66621	-28.151364	8/1/12
NIC252	38.661313	-28.147949	8/1/12
NIC255	43.714834	7.266779	11/18/12
NIC256	38.71829	-9.14875	12/2/12
NIC258	38.71829	-9.14875	12/2/12
NIC259	38.71829	-9.14875	12/2/12
NIC260	38.71829	-9.14875	12/2/12
NIC261	38.71829	-9.14875	12/2/12
NIC262	38.71829	-9.14875	12/2/12
NIC265	38.71829	-9.14875	12/2/12
NIC266	38.69237	-9.31592	12/7/12
NIC267	38.69237	-9.31592	12/7/12
NIC268	38.69237	-9.31592	12/7/12
NIC269	38.69237	-9.31592	12/7/12
NIC271	38.69237	-9.31592	12/7/12
NIC272	39.769459	-8.756356	12/9/12
NIC274	39.769459	-8.756356	12/9/12
NIC275	39.769459	-8.756356	12/9/12
NIC276	39.769459	-8.756356	12/9/12
NIC277	43.716441	7.266138	12/15/12
NIC3	43.3636	5.3215	9/28/08
NIC501	48.77302	2.2675	9/14/13
NIC511	40.8625	14.2623855	11/14/13
NIC513	38.776038	-9.167136	11/30/13
NIC514	38.776038	-9.167136	11/30/13
NIC515	38.776775	-9.165884	11/30/13
NIC522	36.535679	-6.304441	4/1/14
NIC523	36.535679	-6.29831	4/1/14
NIC526	36.535679	-6.304441	4/1/14
NIC527	36.535679	-6.304441	4/1/14
NIC528	36.535679	-6.29831	4/1/14
NIC529	37.870754	-4.784967	5/1/14
PB303	NA	NA	11/14/98
ECA259	NA	NA	11/28/98
PS2025	34.19	-118.13	NA
PX179	44.035	-123.058	10/2/01
QG2075	33.951	-83.376	2/20/13
QG536	37.7679	-122.4415	12/30/10
QG556	34.421629	-119.702021	6/27/11
QG557	34.421629	-119.702021	6/27/11
QW947	-33.4213	-70.6106	4/12/13
QX1211	37.7502	-122.4331	11/26/07
QX1212	37.7502	-122.4331	11/26/07
QX1233	37.8804	-122.2838	11/24/07
QX1791	20.6344	-156.3935	1/27/11
QX1792	20.70554	-156.35475	1/28/11
QX1793	20.70559	-156.35678	1/28/11
QX1794	20.70559	-156.35678	1/28/11
RC301	47.99	7.84	1/1/83
WN2001	51.954422	6.303406	6/26/08
WN2002	51.975285	5.694834	11/20/07
WN2033	51.975	5.694	11/5/14
WN2050	51.975	5.717	11/11/14
XZ1513	22.14787	-159.63105	10/8/14
XZ1514	22.149	-159.668	10/15/14
XZ1515	22.149	-159.668	10/15/14
XZ1516	22.149	-159.668	10/15/14
